id,text,source,domain,source_label,teacher_suggest,annotator_a,annotator_b,final_label,note
48932,中国消费者对蒙牛的信心是催不毁的,online_shopping_10_cats,蒙牛,1,,,positive,,
59260,贵单位服务差以后大家别去买，垃圾,online_shopping_10_cats,衣服,0,,,negative,,
26380,"在经过反复比较后,我选择了类似配置总体性价比较高的960,在不考虑国内品牌的前提下,200万像素的手机里,到目前为止960无疑是价格最低的,以下是使用近20天的一些体会,和大家交流.1.自带铃声较小,而且也不好听,但我在论坛里下载了一些热心朋友传上来的MP3铃声后,已把此缺点改进了,在此也感谢那些热心的朋友们的无私奉献2.待机时间感觉一般,通常就是2-3天,当然若游戏\照相什么都不玩的话,也许会长一点,但花2000多大洋不可能纯粹只为接打电话吧3.室外照相效果还可以,200万就是200万的,前几天和同事出去,所照的相片都能看清,已发了一张在坛里,大家可以看一下,当然本人的照相技术等于0,所以取景不太好4.在网络上经常有人说本款机爱死,但20天来平均每天玩半小时左右,到目前为止只死过一次,不论是国内品牌还是国际品牌,都存在返修率,看来是我运气好一点5.音乐功能没试过,本人已有一个可连续听7-8小时的纽曼MP3,所以该功能不用也罢据.说听音乐时接到电话有可能会死机,不知是真是假.6.最恼人的当然是350K的传输限制了,有时在网上看到一些好东东却大于350,传不到手机里,5555557.机子和PC互动方便,在XP系统下,不用驱动就可以方便使用SD卡和网络摄像头,只有一个感觉--爽8,不论是照相还是使用JAVA,总体反应速度慢了一点,不过这也是培养人耐性的时候,哈哈",online_shopping_10_cats,手机,1,,,neutral,,
23343,机器还可以 屏幕挺大。 运行速度 一般般吧。 一分钱一分货 反应相对还是慢了一拍。主要的是我买了这*居然什么都不送。有满1*优惠的活动也不跟我说，结果手机套子也没有。我自己掏钱买手机套子就算了。连说好的优惠45都没有。我不就是昨天付的手机的钱吗？ 我随便去哪个实体店人家老板不记我十天半个月的。一点人情都不懂。跟个机器一个，差差差差差差评,online_shopping_10_cats,平板,0,,,negative,,
27559,"说待机720小时,但只有48小时.电子邮箱一按就死机,",online_shopping_10_cats,手机,0,,,negative,,
64738,"酒店位置还可以,比较静,是个住宅区,房间是在别墅里,看上去别墅也有些时日了.房间设施还行,就是价格贵了点,468的大床间有点贵.其余也没有什么特别印象.一般般吧",online_shopping_10_cats,酒店,1,,,neutral,,
49113,蒙牛你们工作好勤快啊…,online_shopping_10_cats,蒙牛,1,,,positive,,
21488,连接无线平板会卡，质量太差,online_shopping_10_cats,平板,0,,,negative,,
34587,特别糟心的一份水果，火龙果整体都是蔫吧的，一点都不鲜亮，感觉像是卖不出去或者别人挑剩下的。口感不像以往吃过的红心火龙果那么香甜，三个都是特别酸，吃不出一点甜味，全家人一致认为还没有普通的火龙果好。三个果子个头差不多，就包装和配送还可以。,online_shopping_10_cats,水果,0,,,negative,,
64831,尽管外观一般，大堂一般，房间硬件却是绝对一流的。订的是418元一房一厅带桑拿的房间，是至今为止所住国内性价比最高的房间，比很多五星酒店更大更豪华和更舒服，商务之星的经营和管理确实有一套，一楼的自助海鲜晚餐才48，比广州68元的怡景西餐厅还好，服务、环境和食物都是超值的，推荐。早餐品种较少，酒店周围环境较差，后面有超市，还有一家湛江风味一家湖南风味食肆，地下停车场奇差，服务生和门童服务较差跟酒店内的服务天差地别，整个酒店都在说普通话，呵呵，广州人有点不适应。补充点评 2008年2月25日 ： 418的房间有68平米，一房一厅双电视（要是液晶就好了，呵呵），超大浴室双人浴缸大淋浴房带双人桑拿房，2x2大床，房间日送4瓶水，一家三口去的，加被子毛巾浴袍浴巾要多少有多少，拿来还是暖的，到处都有很到位的服务，宵夜送餐那是相当的便宜，周3、4、5、6凭房卡下午茶免费，有水果蛋糕点心茶和咖啡,online_shopping_10_cats,酒店,1,,,positive,,
66445,酒店地理位置在古城区最繁华的十全街上，环境非常好，很有园林特色，让人感到很舒服很惬意！前台入住和退房的速度也很快，服务人员很友善，有问必答！房间也很有特色，墙上刻有金色的诗词，听说每个房间的诗词都不同呢！下次还会选择这里！,online_shopping_10_cats,酒店,1,,,positive,,
10931,住的豪华标间，房间不大，设施还可以，液晶电视，同时做为电脑显示器，不过设计有问题，使用不太方便，无线键盘不太好用。总体还行，没有住过其他酒店，性价比无法评论。早饭一般，旋转餐厅，选择比较少。,chnsenticorp,,1,,,positive,,
55970,垃圾难看死了又退色洗衣服水都黑了,online_shopping_10_cats,衣服,0,,,negative,,
274,"这本书写的不怎么样,好像是杜拉拉在写日记一样，很多内容没有实质的励志性信息，就跟普通的一般公司职员的情况差不多，只是在强调杜拉拉是怎样一步步发展的，有点像是在炫耀自己的能力。",chnsenticorp,,0,,,negative,,
6537,8月4日入住了该酒店，没想到很多地方不如意，不得不缩短行程，提前返京。之前在网上查询，想住一个特色酒店，就选择此处的豪华标准间。但没想到：（1）酒店周围正在拆迁，非常脏和吵。出租车司机让我们三年以后看，说一定变样。分配给我们的房子临马路，面对一大施工场，极其嘈杂。不得以要求将其中的两间房调换。前台很不情愿给换了，告知换的房子会比这个小。当时为求安静，只好同意，但后来发现上大当了。（2）调换的两间房估计为普通标准间，屋子里墙壁和柜橱有斑驳的潮湿痕迹，其中一间屋子抽水马桶经常坏。房间很小，书桌和床之间仅容一人过。最可恶的是窗户没有纱窗，且朝过道，冒着进蚊子的威胁，开窗后发现无法通气，因过道窗户紧紧封闭，房间里一股霉味和油漆味散发不出去。更有甚者，因是围拢的房屋结构，早晚有人在过道说话很闹，且过道的灯笼整夜亮着。透过菲薄的窗帘，不得不忍受光污染。屋子的隔音效果很差，需要忍受隔壁看电视的声音。没有中央空调。（3）服务水平一般。在调换房间的第二天，讯问前台要求换到豪华标间，前台说因是自己要求调换的，不补差价，且说现房即为折后338元的价位。这可是在承德！前台服务很差，虽身着民族服装很漂亮，但态度冷冰冰。但对我之前的一老外可是鞠躬哈腰的。（4）早餐难以下咽。因周围是村庄，只能在酒店用早餐。四五个小咸菜；两种粥、豆包、包子以及奶粉冲得很稀的牛奶。即便这种早餐过了八点半还就没有了。开始打扫卫生，不管是否客人吃完。 我非常非常后悔选择了这个酒店，性价比最差的。本想休息几天，但住宿实在太差，干脆一家人，勉强住了两夜就退房走人。,chnsenticorp,,0,,,negative,,
54395,裤子版型非常的时尚，穿起来上身效果非常的好。面料摸起来也很舒服的，这个季节穿着正合适。随意搭配衣服和鞋子都很满意，百搭的裤裤。手动笔芯。,online_shopping_10_cats,衣服,1,,,positive,,
55655,这个衣服质量太差，比地摊上*的还差，特别是松紧布的衣袖质量极差。,online_shopping_10_cats,衣服,0,,,negative,,
4972,本书包括《彼岸》和《恬哈努》，内容不像第一本那样离奇和扣人心弦，但是，和第一本一样好看特别是《恬哈努》，分析了龙和人的相同起源，探讨了魔法的本质，描写了杰德回归成普通人后的生活，更能表现作者天人合一，尊重自然的思想。这套书翻译尚可，不像有些读者评论的那样差，而且国内好像找不到另外的版本。况且我认为：这么好的故事，不会因为翻译一般就被遮蔽了光芒。还是推荐这本书。,chnsenticorp,,1,,,positive,,
35728,火龙果非常小 有一个送来的时候还被压坏了，漏得纸箱上都是红色的,online_shopping_10_cats,水果,0,,,negative,,
50159,蒙牛是店大欺客 至少态度比蒙牛好～～后期赶紧整改！,online_shopping_10_cats,蒙牛,0,,,positive,,
17022,京东活动还是比较给力的，送膜送皮套还有乐视会员卡，比实体店优惠多了。,online_shopping_10_cats,平板,1,,,positive,,
26687,其一：接挂电话时候机身的红绿键有时候不管用，还是要触摸屏幕才行；其二：没有录音功能，但是通过安装一个软件可以很好的解决这个问题，效果也还凑合。其三：天线太大也太靠边，打电话的时候不可避免的会接触耳朵或头，辐射肯定不小啊！语音效果还是不错的，耳机通话效果多数情况下也不错，就是耳机上的功能键只能用来接挂电话，不象以前用的6230还可以用来激活语音拨号，或者在听收音时候换台、在听音乐时候快进。其四：基本上一直依赖手写输入，按键太小所以在开车时候基本没法发短信了，以前用6230时候可以自如收发复杂的短信息。其五：接听电话结束后，会自动跳出一个询问是否将来电存入电话簿的对话框，很人性化，也可以选择关闭该功能。其六：经历了一次不断重起，是因为一次按了3、4个软件，然后就不断重起，后来硬起加软起才搞定，但是损失了所有数据。这时候就不能不说两个好东西。一个是同步，简单一按纽，所有数据都恢复了，上次同步前的所有数据都回来了。还一个就是backup软件，可以非常方便的备份数据到SD卡里，也同样可以非常简易的恢复手机数据。其七：这一个礼拜充了两次电，第一次用了3、4天，第2次只用了2天，基本上来说还是可以接受的。其八：数字键位置的安排，感觉是按欧洲人手掌大小设计的，反正我用起来感觉如果再向右挪一排就太顺手了。,online_shopping_10_cats,手机,1,,,negative,,
10392,周围的环境很好.在房间可以看到大海. 普通间很一般.建议住豪华间.价格差不了多少. 豪华间非常大.放三张大床也有够大的空间.非常不错.还可以看到大海,chnsenticorp,,1,,,positive,,
982,喜欢这本书的封面，简洁明了。刚看完这本书的时候，一头雾水。合上书本，好好想想，这个故事是说牧羊人追寻梦想，经过种种磨难，长途跋涉，终于到达目的地，找到宝藏。每个人心中都有自己的声音，很多时候都没有勇气去相信，接受它。牧羊人在王的指引下，努力朝着宝藏前进。放弃羊群，外出游荡，放弃工作和安逸的生活，接受考验，坚持梦想，有舍才有得。最终找到属于自己的宝藏。,chnsenticorp,,1,,,positive,,
65358,1.房间：就是冲着280元的三人间才定的，感觉性价比较高；房间采用复合地板，可惜没有冰箱；是中央空调（稍微有点吵）；床单家具倒也干净；感觉差的是洗澡水好小啊，总觉得洗不干净；而且有好几次只有热水没有冷水，洗手都觉得烫。2.环境：和普通的三星酒店差不多，因为开业时间太久了，所以感觉比较旧，但还算干净；三人间靠近马路，有点吵，不过关上窗户后就不太觉得了。3.服务：只有在入住和离店的时候才和前台接触过，感觉他们不太像接待员，没有亲和力，只能算是有问必答而已，房间服务员也只是接触过一次，态度倒还好，可惜住了三天没有换过一次床品。4.交通：离火车站很近，打车8元即到（起步费5元）。酒店附近有很多路公交车，可到墟沟（去连岛在此转车）的专线车，也有到火车站的，还有到花果山去的公交车，很方便；打车起步价就可以到陇海路步行街（不过个人认为没什么好玩的）；走路十分钟有个苍梧绿园的公园，可以吃过饭去溜达溜达。5.餐饮：赠送的自助早餐很丰盛，味道还算不错，吃得很饱，而且小孩子（四岁，1.1米）也不另外收费。另外二楼的餐厅包间环境也不错，吃了两次晚餐，他们的川菜味道很好，分量很足，而且价格便宜，一大盆鱼头豆腐汤（好多鱼头）才15元，而且味道很鲜美，推荐。海鲜就一般了，价格和外面的差不多。总结：如果在市区（新浦区）办事的话，住这里挺方便的，如果不是太挑剔的话，其实各方面倒也可以，尤其三人间的价格很核算。但如果去旅游的话，还是到墟沟找酒店住比较方便，因为景点离那里近，而且那里也很热闹，有很多餐馆。,online_shopping_10_cats,酒店,1,,,neutral,,
54954,确实蛮不错的衣服，主要是质地比较好，如果买朴素打底之类的，性价比蛮高的东东,online_shopping_10_cats,衣服,1,,,positive,,
25909,耳机效果只能说一般，音质也就和普通MP3差不多低音很足，只能说凑合了。铃声也我也不觉得跟大多数评测说的一样糟糕，穿透力很强，音质不错，MP3铃声听起来清晰不糊没有很大的杂音。操控上感觉这种旋转的方式有点累，也许才用几天不熟练，索爱的机器感觉打字上没有NOKIA方便，尤其是在中英文切换上，还有键盘布局大了点，手小的人操作会有点累。电池待机觉得还不错，本身电话和短信就不多，不过在上网时曾发现电池的容量显示飘忽不定，一会黄色显示40%，等不上网了，又绿了到50%，有点糊涂。在USB同步时也同时充电很不错，比IPOD好多了,online_shopping_10_cats,手机,1,,,negative,,
60170,裤子色差大，质量垃圾，骗子,online_shopping_10_cats,衣服,0,,,negative,,
19558,完全用做看电视剧而已。还可以啦 电不怎么耐用。送货的人员态度赞赞的。性价比还可以吧。毕竟价格在 不可以当电话用的哟 触屏一般般,online_shopping_10_cats,平板,1,,,positive,,
70117,前台服务态度相差到爆,online_shopping_10_cats,酒店,0,,,negative,,
27310,"缺点也有：1.反映迟钝,作为一款非智能机,而且本身屏幕分辨率并不高,128 X 160,具备如此低下的反应速度有点不可思议.2.屏幕较差,分辩不高,但是NOKIA对屏幕的利用率还是不错,尽量多的显示了信息.3.扬声器素质一般,也有人说很差,这点倒还好说.4.最重要的,两部使用的六天的6070同样存在的问题,打电话时听筒的音质较差,声音发间,在音量开到中上等以上时很刺耳,通话质量远远低于三星S508和N7650.5.照相质量无所谓,但第一次充满电后,第一格电用了一天,剩下的三格也用了一天,有点措手不及,第二次充满电也是,现在正是第三次,希望激活后有点改善,反正待机时间没有我想象的好,我每天通话时间30-50分钟不等,我以前的三星S508还可以撑三天,N8250配1000mAh电池可以撑四天,6070只有两天或两天多一点,没有达到我的预期.",online_shopping_10_cats,手机,0,,,negative,,
46575,这是第二次购买，第一次货到后瓶子坏了，商家不给重新发货，退了以后再买，结果不满减了*，这次到货后外包装破损严重，无良商家,online_shopping_10_cats,洗发水,0,,,negative,,
71342,机场旁边就是图个搭飞机方便，谈不上什么服务，酒店就是一个快捷酒店，中规中矩，就凑合睡个觉而已。综合来说只能算一般般吧。,online_shopping_10_cats,酒店,0,,,neutral,,
40522,我的头皮上有红色小疙瘩，所以买回来迫不及待地用了一次，泡沫丰富细腻，洗完头发后觉得很清爽。但是我的头发比较干，打算再选一款,online_shopping_10_cats,洗发水,1,,,positive,,
22072,只能给一分，华为出这么差劲的产品真的是自毁品牌，还世界500强，画面感超级模糊，很卡，电量消耗的特别快，充满能看一部电影就没了，还有根本就不是平板电脑，就是一宽屏手机，以前那种杂牌大屏手机那种,online_shopping_10_cats,平板,0,,,negative,,
20852,烫手电池超级不耐用充电超级慢，第一次来京东，也是最后一次,online_shopping_10_cats,平板,0,,,negative,,
65527,酒店设施虽然有很多创新，但是并不为使用者着想的。窗帘自动开关虽然好，但是却不太好用。还有控制灯、电视、空调等按钮放在一个外置开关。如果在晚上使用这些按钮是非常不方便的。还有毛巾太薄了，吸水性低。早餐不错，前台人员各表现还好。补充点评 2007年9月19日 ： 神州行kanghsi评点：交通：方便不方便，出入大出租车，而且东莞的出租车最黑了，动不动就几十，而且都是黑车；**价格：标准间515人民币，符合5星价格；其他酒店消费合理****酒店装修：新酒店，装修风格颜色不大体，不过还是符合5星要求；****酒店设施：按摩健身、游泳池、KTV、各个餐厅餐厅都不错，演艺厅不错，算是酒店特别之处，加分；*****房间用具：毛巾不够厚不是很吸水性、枕头、被子床还算可以；****房间设施：有DVD机，加分，不过房间电器按钮不好用；洗手间设施：洗澡水非常大，大的可怕，有淋浴和浴缸，而且有些房间有电视；*****房间隔音：隔音还可以，但是洗手间水压太大，会比较吵；****房间空间：面积差不多28平米，不符合标准；****上网条件：上网速度可以；****早餐水平：种类、味道都可以；****前台服务：服务员水平可以，主动。****门童服务：出入、下车都主动开门；****,online_shopping_10_cats,酒店,1,,,positive,,
66468,"总体评价一般或者还行吧,只是性价比有些偏高,服务还行,尤其是大堂的大河旅行社,早餐相对丰富,豪华间不值,除了面积大些,个人而言不比普通间好在哪里",online_shopping_10_cats,酒店,1,,,neutral,,
72128,离机场很近，还有接送，但房间只送两瓶很小的水，不够饮。,online_shopping_10_cats,酒店,0,,,negative,,
11727,"这个酒店基本就是低价海南旅游团住的那种招待所吧，周围极度荒凉。距离三塔很近，但是在后/侧墙外，距离大门口还有一段距离大约五、六百米。 房间不小但是还是用普通球锁＋自己拿钥匙，很久没见过号称四星级但是这样子的招待所了，出门一定要按下屋那的那边，否则你就会彻底大开门一整天了。 另外，号称四星，但是结帐时候竟然不能提供消费详单（水单），而且从老总到客务部经理到 前台服务员都坚决没听说过住宿酒店给开了发票还要提供水单的。 服务业提议拿别的酒店的水单来看看， 是否能帮忙打印一下，但是客务部经理说“我们有电脑也有打印机，但是绝对不能给你用来打印！”问道这是代表个人还是酒店时候，答案是代表酒店。——导致我随手摔上了电话——手柄裂开了！ 至于物品损坏的赔偿，也是随口报价，注：一个普通的市话话机“原价”200大元，而且另外出去买一个座位赔偿是不被允许的！更可笑的是你如果表示罚多了，马上以态度不好而数额加倍，并且“四百块钱少一分钱也别想离开”（一把手,老板的原话）。只好争取好态度，交钱也不要发票来争取到“原价”赔付。 早饭有时候是自助，虽然东西不怎么样，但是十来种东西呢，吃饱没问题，但是住客少了就成了份儿饭了（号称 桌餐），品种也只有两三样了。 承诺和古城内的班车也没准儿，虽然因为是淡季，按照要求原先电话提前一小时联系了， 但是还是在原地打了4次催促的电话，等了30分钟车才到（实际酒店到古城距离2km左右）。 除了旅行社的低价团，建议大家就还是在古城内众多的酒店住下吧，价格一般是这里的一半，还可以方便地夜游古城。 对了， 你们谁见过房间不能上网的四星级标间吗？古城里面遍地是WLAN信号，我上网都是背着电脑去古城的。 在携程网上投诉后， 携程表示考虑下年是否还与这样的酒店签约了，还奖励500分。可惜时间、现金、心情的损失无法弥补。",chnsenticorp,,0,,,negative,,
11683,仔细回想这本文集，发现自己喜欢的只是写《教室朝南，没有风筝》的麻宁，不知道是她成长了还是自己止步不前了，没有感觉了。或许那是她对生活的睿智，但却不能让我感动了，觉得她是高高在上的，与自己隔了很远很远的距离，所以止于此。。。,chnsenticorp,,1,,,neutral,,
49289,学校两块钱的早餐可真丰盛啊。。。。蒙牛盒装奶。。稀饭。。八宝粥。。小面。。包子。。馒头。。还是很安逸哦。。。,online_shopping_10_cats,蒙牛,1,,,negative,,
51193,裤子很好，面料很不错，尺码标准刚合身，物流很快,online_shopping_10_cats,衣服,1,,,positive,,
42710,我是潘婷的老客户，也是京东商城的忠实粉丝?昨天看到商城有活动立马就下单了，今天去自提的，离单位近自提的货??潘婷老牌子非常好用??经济实惠又划算。,online_shopping_10_cats,洗发水,1,,,positive,,
10712,去前作了功课，普遍说九江、庐山的酒店要比一般城市的低一个档次，所以也有了心理准备，所以5日晚入住时感觉还凑合，重要的是免费宽带上网给了小朋友一个惊喜，因此成了继续入住的最大理由（去酒店路上就觉得太偏准备第二天换地方的）。 没有电梯，大堂楼梯第一级台阶口就是一个洗手间，门敞开着能见到里面的设施，略有点气味，奇怪的设置！上了三楼客房，更奇怪了：过道一边是客房，另一边是员工房，还有公用厕所，走廊较窄且由于公厕很小直接向过道开门，能直接感受员工厕所的味道。酒店位置相当偏僻，以为会很安静，谁知隔音太差，窗外大门口的声音听得很清楚可以听见几个员工在聊天，还有门口有条小溪谷的流水声音。房间较旧，特别是洗手间感觉有点脏（也许是从走廊飘过来的厕所味道？）浴缸墙上贴着“谷工里骨青垫子方骨垫”的字样，纳闷，后来琢磨出来了原来是这样的“浴缸里滑请垫好防滑垫”，哈哈...第二天一早厕所堵了打电话过了大半小时才来人!幸好我们是休闲游，没时间限制不着急。 后来又发生了一件事才使我们对此酒店彻底失望：等了半天厕所通了，梳洗完毕，终于要出去逛了决定先上牯岭街走走在上一线的部分点看看，由于太偏没有车打电话给总台叫了一台车15元到街上，受了司机忽悠（怪自己立场不坚！）匆忙决定包车150元游一线，中间有些景点给漏掉了（因当天玩得过程中景点地图丢了，后来才发现的），最后说好在庐林湖大桥等我们，结果我们上了庐林大桥半个小时也没等到车，只好自己打车回了宾馆，后面的美庐、会址都没去。实际用车为三次： 1.酒店-花径；2. 仙人洞-街上（午餐）；3. 街上-电站大坝。后来司机来宾馆大吵大闹也就罢了，毕竟我们之间有争议，可恶的是前台小姐和司机一个腔调，不知他们把顾客当成什么了！ 后来联系了庐山宾馆住，小标间的价格差不多，除了没有宽带上网，其他都比消夏好的多。庐宾的大标间有上网的但价格也贵一些。,chnsenticorp,,0,,,negative,,
49281,蒙牛的也不错，不是所有的iPhone5都叫特仑苏,online_shopping_10_cats,蒙牛,1,,,positive,,
18275,给姐姐买的，还可以，看电视还行，玩玩小游戏，充点太慢，声音小，其他还好,online_shopping_10_cats,平板,1,,,positive,,
44226,有用过觉得是**货的吗？我是限时秒杀里买的，和超市买的乳液都不一样。还有一次菲诗小铺睫毛膏，比平时价格低了3元，也是**的。只看它当天配送了，以后不能犯懒，不会再来京东！,online_shopping_10_cats,洗发水,0,,,negative,,
23418,也就那样吧。没看出来有多么多么好，一般般。,online_shopping_10_cats,平板,0,,,neutral,,
52890,裤子质量很好，做工也不错，穿上也合适,online_shopping_10_cats,衣服,1,,,positive,,
1435,酒店根本没有装修，屋子里一股霉味。收费的宽带，有的房间还没有。餐厅一他弧度。没有任何值得推荐的地方。强烈建议大家以后不要住这里。,chnsenticorp,,0,,,negative,,
16350,很漂亮，不错的平板手机。,online_shopping_10_cats,平板,1,,,positive,,
69753,"房间设备太差,连空调都没安装,下次如有机会再去不会再选此酒店.",online_shopping_10_cats,酒店,0,,,negative,,
46186,假的，最多一天，第二天头皮就各种痒，我用潘婷快两年了，第一次买到这种，绝对假的,online_shopping_10_cats,洗发水,0,,,negative,,
9546,"我通过携程定的豪华标间,价格4百元,以为这个价钱至少可以住到干净整洁的酒店吧,至于豪华,根本是没想过;但即使这样低的心理期待下,这酒店还是把我吓了一跳;一进房间就是一股霉味和臭味混杂的味道;等进了厕所,才知道房间的味道与之相比简直是小巫见大巫,简",chnsenticorp,,0,,,negative,,
70964,贵的要死,online_shopping_10_cats,酒店,0,,,negative,,
49741,横批：酒鬼吹牛 回复 哈哈，酒对牛，牛！ 这个妙！蒙牛人产蒙牛，蒙牛嘴上吹牛。,online_shopping_10_cats,蒙牛,0,,,negative,,
29962,包装完好，服务态度也很好，很不错，果吃起来很甜。,online_shopping_10_cats,水果,1,,,positive,,
34282,明明买了4箱大的确送来两箱大的两箱小，更可气的一个逗比挑了两箱小的，导致我被怀疑。,online_shopping_10_cats,水果,0,,,negative,,
48337,快递就送到楼下 说了来半天才送上去 还说要加钱才送上去 热水器还没用 等用了在说,online_shopping_10_cats,热水器,0,,,neutral,,
16644,不错很满意，已经是第二次买了！,online_shopping_10_cats,平板,1,,,positive,,
24849,买的这是什么垃圾啊，充满电放*,online_shopping_10_cats,平板,0,,,negative,,
19257,速度快，真的很不错，这个价位值了。,online_shopping_10_cats,平板,1,,,positive,,
9482,外观还是比较漂亮大方的，价格也很公道。DDR3的内存，领先不少台式机。,chnsenticorp,,1,,,positive,,
66323,酒店总体还是不错的。比较上次住的太平洋，差不多的价格硬件设施明显好很多。早餐还是一般般。最受不了的是居然只接受银联信用卡，国外的客人一律付现金...,online_shopping_10_cats,酒店,1,,,positive,,
42520,挺好的，小瓶的可以出去旅游用，方便带，大瓶个和超市一样的,online_shopping_10_cats,洗发水,1,,,positive,,
11898,没有包 我又单买一胆 但是适配器没地方放 郁闷中 但电脑极好 以后再买包吧 电池久一些更好,chnsenticorp,,0,,,positive,,
46531,本来买的时候是显示第二天送达才买的 结果呵呵了 九号买的 十三号送到快递网点 快递是要自己去拿的 我为了这一个快递 来回一个小时 一颗星都不想给,online_shopping_10_cats,洗发水,0,,,negative,,
33304,3个就烂了2个，水果以后不敢买了,online_shopping_10_cats,水果,0,,,negative,,
47110,洗得头发痒，不知道是不是正品。失望。,online_shopping_10_cats,洗发水,0,,,negative,,
74130,"这个酒店基本就是低价海南旅游团住的那种招待所吧，周围极度荒凉。距离三塔很近，但是在后/侧墙外，距离大门口还有一段距离大约五、六百米。房间不小但是还是用普通球锁＋自己拿钥匙，很久没见过号称四星级但是这样子的招待所了，出门一定要按下屋那的那边，否则你就会彻底大开门一整天了。另外，号称四星，但是结帐时候竟然不能提供消费详单（水单），而且从老总到客务部经理到 前台服务员都坚决没听说过住宿酒店给开了发票还要提供水单的。 服务业提议拿别的酒店的水单来看看， 是否能帮忙打印一下，但是客务部经理说“我们有电脑也有打印机，但是绝对不能给你用来打印！”问道这是代表个人还是酒店时候，答案是代表酒店。——导致我随手摔上了电话——手柄裂开了！至于物品损坏的赔偿，也是随口报价，注：一个普通的市话话机“原价”200大元，而且另外出去买一个座位赔偿是不被允许的！更可笑的是你如果表示罚多了，马上以态度不好而数额加倍，并且“四百块钱少一分钱也别想离开”（一把手,老板的原话）。只好争取好态度，交钱也不要发票来争取到“原价”赔付。早饭有时候是自助，虽然东西不怎么样，但是十来种东西呢，吃饱没问题，但是住客少了就成了份儿饭了（号称 桌餐），品种也只有两三样了。承诺和古城内的班车也没准儿，虽然因为是淡季，按照要求原先电话提前一小时联系了， 但是还是在原地打了4次催促的电话，等了30分钟车才到（实际酒店到古城距离2km左右）。除了旅行社的低价团，建议大家就还是在古城内众多的酒店住下吧，价格一般是这里的一半，还可以方便地夜游古城。对了， 你们谁见过房间不能上网的四星级标间吗？古城里面遍地是WLAN信号，我上网都是背着电脑去古城的。在携程网上投诉后， 携程表示考虑下年是否还与这样的酒店签约了，还奖励500分。可惜时间、现金、心情的损失无法弥补。",online_shopping_10_cats,酒店,0,,,negative,,
47892,东西不错。用了一段时间，挺不错的自动断电与加热，店家服务态度飞长好，以后要是在需要还上这家店买，,online_shopping_10_cats,热水器,1,,,positive,,
1925,拿到个完美屏，比较清晰细腻，LED背光+16：9看HD电影不错 散热还好，不好不坏 键盘看起来挺好，用起来还可以 这个配置可以玩一般3D，对游戏要求不高的话这款够用了，性价比还行,chnsenticorp,,1,,,positive,,
49120,今天的早餐吃得好满足！（桃李小热狗面包＋双汇酷辣肉派＋比利时焦糖饼干＋蒙牛酸酸乳草莓味）人生太完满啦！哈哈哈开心得爷忍不住再次自爆一张,online_shopping_10_cats,蒙牛,1,,,positive,,
54946,我要的深蓝皮牌，发的是深蓝绣花，懒的换了。,online_shopping_10_cats,衣服,1,,,neutral,,
67056,携程在这个酒店的性价比不是最好的，因为后面在火车站附近看到有做活动四星的，价格更便宜，但是做为198元，这个酒店的质量与别的城市三星相比，算是很不错的,online_shopping_10_cats,酒店,1,,,positive,,
58066,质量差，快递慢……,online_shopping_10_cats,衣服,0,,,negative,,
65266,酒店也推出套票，内容与携程相同。携程套票价格并无优势，但增加了豪华房套票的选择。由于用了抵用券，携程豪华房与酒店高级房套票价格一样。SPA房环境不错，有泰式风情。套票仅含背部按摩，手法不错但时间短。四肢按摩需要加钱（88元/人），且不含头部、胸部，要按得再加钱。沐足中心提供沐足+推拿的套票，98元/人/3小时，比SPA超值许多。酒店游乐项目丰富，观光电梯不错，人工沙滩有特色，仙湖很大且风景很了，踩脚踏船一个小时都不能走个来回。酒店服务尚可，服务人员有礼貌。房间很失望，即使是豪华房也极普通，就三星水准。房间隔音不佳。西餐厅不大但早餐丰富、中餐厅祈福轩味道佳分量足还不贵，渔人码头一般。沿湖向外走出有家仙湖半岛食肆，如果早到还可坐在湖边位置，边吃饭边赏湖景，很惬意。推荐咸鸡、虎皮青椒焖豆角、椒盐骨！总之，托酒店和携程的福，三天两晚端午假期过的较尽兴，玩法丰富不枯燥，还吃到酒店送的粽子。PS.酒店一至三楼的楼梯有点绕，要有耐心，哈哈！补充点评 2008年6月10日 ： 酒店玩法较丰富，水上活动、康体设施及摆摊游戏都很多。我和先生二人三天两晚的端午假期，总花费应不足二千元，以这个价钱来说，是个不错的短期悠闲度假的选择！,online_shopping_10_cats,酒店,1,,,positive,,
32558,今天上午订单，下午就收到了，送货速度很快，态度很好。已经吃了一个，很甜的。,online_shopping_10_cats,水果,1,,,positive,,
23092,声音太渣，还太小，稍微有点噪声就听不清。显示效果确实不咋地，显示优化太差？按理说FHD不该那么渣才好，看个网页和视频都不如普通PC显示器的感觉。性能就懒得管，老人用来看网络电视，对性能没啥要求，老人用了几天说显示效果不如手机。。。凑合吧，可是喇叭那幺小声实在是无语。不值得这个价钱，早知道就买999的那台720P的了。华为的质量也就那样吧，尤其华为的手机系统垃圾！！！去年我的荣耀手机系统升级后到最新版后导航得手持才有GPS信号！！！放平了就收不到信号！！！OTG也在升级后失效了！！！,online_shopping_10_cats,平板,0,,,negative,,
43107,洗了还会有头皮屑，怎么觉得是假的，洗不干净,online_shopping_10_cats,洗发水,0,,,negative,,
36134,一点都不甜，红心的也是。要是这样，就不用在京东买了，在超市也一样。,online_shopping_10_cats,水果,0,,,negative,,
26437,如果单从外形来看，这款机没有什么出色的地方，比较普通。但是看东西不能只看外表，如果看她的里面的功能的话，你就会发现其实这款机的功能还是比较实用的。先说照相机的功能吧。我想这款机最吸引人的就是她的照相功能。具有30万像素的摄像头，可以在照相机——设定里选择照片大小（有三种：160*120，320*240，640*480，一般情况下，我使用的是最小的160*120的，这样可以节省空间。）、拍摄效果（正常，曝光，底片，黑白，怀旧，浮雕，轮廓效果，这几种可供选择。我个人感觉正常效果和怀旧，黑白效果的都不错，其它的就不怎么样了。）、拍摄模式（白天、夜间、室内模式三种，这个功能还是比较实用的。）我当时下定决心买这款机，照相机功能是最吸引我的。图片拍得很清楚，也没有在拍照的时候出现死机的情况。还可以把拍的图片作为来电图片、墙纸和作为彩信发送。其次是信息。这部手机不支持在机内存短信，这是比较不方便的。尤其是对短信比较多的人来说更是无法忍受的。支持几种输入法，可以在手机设定——一般设定里进行设置。我个人选择使用智拼，觉得这个速度快。还有彩信，可以选择增加图片和声音来编写，当然也是可以预览的，编写好以后你就可以了送给对方了。如果你想把自己说的话作为彩信发给对方也是可以的。你可以通过这个途径来录音：信息——彩信——编写——确定——新录音（6）——输入文件名——确定——按OK键录音——确定——储存——播放，这样你就可以听到你刚才所录的内容了，如果你想把他保存的话，就在最后一步里选择“加入多媒体信息”，这样你就可以在我的收藏——影音中心——语音里听到刚才自己所说的话了。你在编写彩信时，想要增加声音的话，这个就可以作为选择了。只是这个录音功能若能再方便点就好了，只要按哪一个快捷键就可以录音的话就更棒了。那样当你灵感来的时候你可以很快的录下自己的杰作。再说一下影音中心。如果你的手机没有上网或者你没有从网站下载图铃，又或者你没有录音的话，你的影音中心是会出现“无资料”这几个字的。我的手机开通了GPRS，可以自由上网下载图片和铃声，我的手机铃声的格式都是MID的，论坛上有人说这款手机支持MMF和WAV格式的铃声，可是我下载的时候却不成功。还有就是图片，我下载图片时也不成功，不知道是哪个环节出错了。按理说应该是可以的。,online_shopping_10_cats,手机,1,,,neutral,,
5864,房间都可以，摆设同其他酒店的不同；地理位置系荃湾的中心地带，地铁附近，出入还可以；夜晚系附近吃消夜还过得去；周边环境在夜晚比较静，比较安全，旁边有好多住宅楼；下次去还可以考虑，500几文，OK嘎。当然比如心差，但起码房间属于中等（如心的房大、新）。,chnsenticorp,,1,,,positive,,
19705,618活动买的，物超所值，华为系统很好用，很满意的一次购物,online_shopping_10_cats,平板,1,,,positive,,
6083,总体不错！原来定298元的房间，因凌晨才到，免费升级到15楼的豪华房，还可以看到海景，三天都没有给我换房（周四到周日），值！房间设施还可以，达到3星标准吧，但洗脸盆水龙头漏水。16层是餐厅，我房间正好在餐厅下面，有一天他们员工聚会嘈了一下午！楼上的餐厅好象不对外？楼下怡情楼据说是青岛很出名的餐厅，挺火的，味道还行，价格跟啤酒街的差不多。步行向下200米有个大商场，购物吃饭很方便。可以住！,chnsenticorp,,1,,,positive,,
20243,很好的平板，速度还可以，清晰度也还行，看视频不卡！玩游戏一般般！虽然没有光线感应器，合上皮套不能自动熄灭，但是这个价格在这里摆着，还要啥自行车啊！有GPS，16G内存有点小了，需要加个储存卡，总体来说推荐购买！,online_shopping_10_cats,平板,1,,,positive,,
73808,除了离酒店近一无是处，毛巾里有头发，被子里有头发,online_shopping_10_cats,酒店,0,,,negative,,
64568,我下午5点多去的，告诉我原来订的豪华房已经没有的，说携程只让保留到5点钟。还好，他们房间多，就给升级到其他楼的套间了。因为原来是疗养院改建的宾馆，环境还可以，不过房间的设计就保留着疗养院的风格了，水泥走廊也不铺地毯；房间的门可以看到下面的缝隙，所以隔音效果是没有的。房间里的设施也算不错，该有的都有了，但问题我住的套房只有沙发，没有写字台，看电脑比较费劲，上网要装个猫才行。毛巾太旧了，浴缸是个按摩式的-缺点是按摩功能用不了，洗淋浴还很不便当。有趣的是卫生间里居然好有个小洗衣机-不过对我们出差只呆一天的人来说，也是个摆设。设施和价格比，也算凑合吧，因为现在青岛的酒店都巨贵。这里的优势就象大家评论的，服务--或者说服务态度确实很好！有机会还会来住的，只不过以后要住豪华房试试。,online_shopping_10_cats,酒店,1,,,positive,,
51419,裤子非常满意，真不敢相信这个价钱可以买到这么好的裤子，之前在实体店里看到的要贵好多，质量是一样的价钱也合理，卖家真的是良心卖家，谢谢，已推荐给好友了,online_shopping_10_cats,衣服,1,,,positive,,
17607,感觉很好！快递很快，昨晚9点多买的，今天上午就到了！玻璃膜和外壳套也可以！就是贴膜的时候麻烦了点，毕竟不是专业的。总体来说还是很不错的！支持华为！,online_shopping_10_cats,平板,1,,,positive,,
67455,福州是个很无趣很破旧的地方，还好有这家酒店，才让我能在福州呆了几天。酒店的服务很好，因为订的是豪华阁楼层，所以chick in和chick out就在楼层上办了，方便。早饭也是专门的楼层，就是品种太少。服务员都很热情。房间在五星级里算一般吧，还行。酒店的餐厅价格很适中，味道也还可以，推荐在酒店用餐，比外面的饭店有保障多了。这家酒店最值得推崇的，是他的服务。福州，实在太差，但幸亏有了香格里拉。,online_shopping_10_cats,酒店,1,,,positive,,
65708,入住两晚，总体感觉还可以。和网上前人说的差不多。环境和服务不错，房间就能看到湖，衣架较多。但房间地毯较脏，而且还有蚊子。可能不是周末，人非常少，第一天早餐没开自助餐。东西够吃饱但不精。晚餐的沙锅大鱼头一般，不如秀水人家的好，还贵，胡椒味太重。从酒店较车比外面贵些。,online_shopping_10_cats,酒店,1,,,positive,,
21585,模发过来居然是被折过的，贴上后就一个很大的气泡！差评！！,online_shopping_10_cats,平板,0,,,negative,,
30581,酸甜可口 味道棒棒哒 京东物流也很给力,online_shopping_10_cats,水果,1,,,positive,,
13929,《聊斋》遗风，《围城》神韵——《场客》新书发布暨作品研讨会纪要中国作协创研部主任雷达：今天呢，山东的文学界的评论家都来了，都认识，非常高兴有机会参加这次研讨会。拿到这本书，我一直在路上出差，没有完整地看完，但大体对作品的形态、格调还是基本掌握，所以我说一点浅见：我觉得这是一部奇特的、面貌陌生而又新鲜的作品。作品带有一定的喜剧风格，甚至是闹剧风格，全书充满了反讽、嘲笑、揶揄，把日常生活夸大到荒诞，把小纠纷渲染成大灾难，非常小题大做。作者要干什么。他极端写实，采用象征手法，从事件、故事、人物、话语，都不按常规出牌，想怎么写就怎么写。首先看他的话语是十分膨胀的，充满了对社会人生一肚皮的牢骚，可以说是牢骚，也可以说是看法和见解。很多东西我们平常看不细，比如他写两个女人打架，那一段他写的多细啊。一开始就写两个女人打架，后来成了整部作品情节的发动机。表面上看，这是一场闹剧，但透过闹剧的荒诞和变形，体现出了作者对人生的体味，对日常生活所蕴育的哲理的深刻思考，还是具有一定的典型意义。我们这个时代是一个欲望膨胀的时代，权欲、金钱欲、性欲、支配欲、爆发欲等等，这部作品对市场经济条件下人们的各种欲望进行了描绘，它又不同于以往作品对官场、情场、职场的集中单一描写。比如说，韦公元这个人物，他是个得道的土鳖，是个农民企业家，他不是官；说他是民，他也不是民。还有书中的女主人公等其他人物形象都有其身份的复杂性。这部作品对社会上三教九流、五行八作、形形色色的人物都进行了描写，写他们利欲熏心、不择手段，可以说是把卑鄙的卑鄙撕得更加彻底。作者的想象力十分丰富，比如，在写洗浴城场景时，每个人都戴着面具，有狗头的，有虎头的等等，我问他这是真地的吗？真有这些面具，他说是自己想象出来的。我说想象得很好，这就是对生活的一种合理想象。这部书不是弘扬正面价值，描写社会的真善美，而是揭露和批判国民的劣根性，没有明亮、昂扬、诗意的调子，而是写人的利欲熏心、勾心斗角、你争我夺。它不是写官场，写官员，它是个泛欲望化的东西。这可能就是全民精神素质的现状，一些腐恶的、消极的、利欲熏心的东西比较普遍，作者通过这些看到了市场经济条件下人性的堕落。这部作品与日常写作的原生态不同，作者不拘泥于日常生活的油盐酱醋，加入了夸张、变形、荒诞等多种艺术手法。比如他写广场，广场不是大城市，它是城乡交叉处，它是信息集散地，这就是作者写的广场。它是一个欲望最集中的地方，是无聊的人流言中伤、交头接耳、散布消息、无事生非的地方。作者把日常生活上升到“世间处处名利场，人生难逃无奈客”的哲学高度。恕我直言，我不认为这一点的有多少哲学高度。“天下熙熙，皆为利来；天下攘攘，皆为利往。”古人已经有过概括。还有一点，作者所体现的“不如意者常八九，与人言者无二三”的哲学思想也并不多么深刻，我觉得哲学思想还可以更深一点。当然，这比一般的小说，归纳的要真实，思想还是要深入一点的。另外，没有理想，没有光亮，没有希望，没有真善美的人生是不值得追求的，人生还是要有所追求的。与此相比，我更看重的是：周其森这个作家他的知识结构与一般作家不一样，他不是写常规题材，他的作品中写的是股市、官场等等，他的作品很怪异，这与一般作家是不一样的。比如他的语言，属于杂家的语言，话语很膨胀。我们一般的文学作品一般讲究感性，讲究感情充沛。周其森这个作品理想也很强，书中评论性的东西也很多，作者把文学描写与文学批评有机的结合在一起，写了很多评论性的东西，这是这部作品的一大特点。另外一个特点，是风俗化。作者把人们的种种欲望，对名利的争夺等等，风俗化的写出，这一点我想与作者本身的经历有关。主人公韦公元是作品一个成功点。他既是市里呼风唤雨的企业家，又与黑社会有所牵连，又是小混混的依靠；既拒绝美色，又不得不陷入美色，同时他还是很多人的争夺对象。这个人物形象具有很强的真实性和独特性，是作品一个很重要的成绩。作者的话语很膨胀，王蒙写的一些东西，有时就没完没了。他不是很一般的语言。随便举个例子，他这里有很多。比如，大凡世上的动物总愿示美以吸引异性眼球：开屏的孔雀，叽喳的喜鹊，放骚的狐狸，芬芳的花朵……现代经济高昂的服饰成本逼迫得一些女人找到了一条经济实用型的示美途径——作头：早晨梳一条马尾松，晚上盘一个发髻，上午长发披肩，下午牛角小辫，甚至模仿尼姑，把头发弄得高耸入云，还插上一副簪子……再比如：最为滑稽的是他曾经有个口头禅：我操。“操”是不雅的谐音，就像《水浒传》里“鸟人”的“鸟”。本属于毛病却成为竞相追逐的尤物。先是他的员工率先“我操”不离口；后来，扩而大之为丰圆社区周边时髦用语；再后来干脆就发散到了社会上，童叟无分地时不时的“我操”几下。最后，男女老少都患了“我操”症。只不过人们聪明地进行了一定的微调：“我操”呼为“哇塞”，但是山还是那座山，梁还是那道梁，味道还是那个味道，原本低级粗俗的俚语，竟然随波逐流地雅俗共赏起来。”现在的小说，怎么去创新，这是摆在我们面前的一个问题。有些人尝试用极具破坏性的语言，破坏原有的语言规范来写小说。这是一种尝试。现在有很多非职业作家反而更能体会到职业作家体会不到的一些独特的感觉。创新问题是我们大家，包括本书作者在内都在尝试的。山大教授博士生导师牛运清：这是一部特别有味道的作品。我写了一幅对联：场客烟云权钱色名尽哲理，聊斋遗风嬉笑怒骂皆文章。我觉得作家没有专利，不能说谁就是作家，谁能创作谁就是作家。周其森不按常规出牌，他不是职业作家，与一般的专业作家的作品不太一样，这部小说无论是在结构、语言还是人物调度上都有独到之处。比如小说开头，他用荒诞的两只小狗打架的“避孕药”事件，围绕这个事件挑起矛盾，打官司，引出人物，推动情节，一直到小说最后情节不断，用小事情、小故事引出大情节、大故事。这部作品给人感觉很新鲜：它用抖笑的语言勾画社会众生相，鞭挞丑恶，晾晒人的灵魂。在讽刺、揭露的背后，也体现了作者对“仁”的一种渴望。再一个，这部小说是对中国文学的一些传统的继承，在此基础上，又进行了创造和发展。比如，名利场，在我国古代小说《镜花缘》就有名利场。英国十九世纪大文学家、大文豪萨克雷一部小说名字就叫《名利场》。马克思在评论狄更斯、萨克雷的作品时说：“他们用逼真而动人的文笔，揭露出政治和社会上的真相；一切政治家、政论家、道德家所揭露的加在一起，还不如他们揭露的多。”这是马克思的观点。这部作品起名叫《场客》，就是名利场，无奈客，这部作品好多地方对明清的文学都有一定的继承和借鉴。这部作品还体现出作者批判的技巧和批判的意识，体现了作者对现实的高度关注。作者文思飞扬，未受任何束缚，下笔恣肆，语言幽默、荒诞、风趣，张力十足。小说中，运用了文言、现代语、土语方言，还有洋文，多种语言融合一块，表现力很强。小说的语言可以说是雅俗共赏，有的语言很通俗易懂，有的则很深刻，很有寓意。有许多语言哲理性很强，比如：男人有钱就变坏，女人变坏就有钱。这些可以说是醒事恒言、喻世明言。不满呢，我感觉要精炼，有约束力。,online_shopping_10_cats,书籍,1,,,neutral,,
783,"是我住过的所有旅馆里最差的一个.预订时说希望要无烟房,结果开了房门以后被烟味及各种体臭味搞得一夜未眠.旅馆可能根本没有无烟房,但携程竟然也没事先说一下算是失职.设施破旧,毛巾都是发黄的.床单及被套都旧旧的,搞不清有没有换洗.服务人员全是",chnsenticorp,,0,,,negative,,
39694,还不错本来是要买750毫升的看错了我头皮屑以前多用过很多洗发水后面用清扬就没了，不过用了半年就没用了有头皮屑好多年的建议用康王的刚刚有头皮屑的建议用清扬这是我的经历康王比较贵就是了一包都几块钱上次去药店买小小一瓶35贵的要*头皮屑没多少年就买两包康王后面用清扬就好了除了清扬和康王别的感觉去头皮屑都是*的完全没用,online_shopping_10_cats,洗发水,1,,,negative,,
3746,"很痛苦的经历,酒店9楼以上才是客房,好像从3楼还是5楼开始到8楼,都是夜总会,还有日式KTV,所以到了晚上10点开始就非常的吵,感觉整个房间都在跟着震,第一天住的是9楼,到了晚上睡觉后,才发现,所以几乎没怎么睡.第二天换到14楼,才基本上能接受,但还是能感觉到震动. 如果对震动感比较强烈的千万别住,我是受不了,不过我朋友好像感觉一般,还行.但是我根本没怎么休息好,这个假日差点被毁掉,幸好第三天就去香港了. 而且房价还380,以后打死不住了.服务员还行,有一点还是要说一点的 补充点评 2007年10月9日 ： 另外还有房间超小,恐怖,和168的那种快捷酒店差不多了.就这还4星标准啊.",chnsenticorp,,0,,,negative,,
46222,不是套装吗？ 怎么到货就1瓶？,online_shopping_10_cats,洗发水,0,,,negative,,
805,周四中午下的订单，周五一早就收到货了，下午拿去电脑城装系统80元，再加了根1G的内存条200元，所有人都说“值”！！ 只是，我的手脚比较重，不知道经摔不经摔？？,chnsenticorp,,1,,,positive,,
52055,非常好哦，还发了顺丰，特别快！！大小很合适，布料舒服！！还有小礼品。感谢哦！,online_shopping_10_cats,衣服,1,,,positive,,
38686,京东速度快！服务好！东西看过了！很好?！赞?,online_shopping_10_cats,洗发水,1,,,positive,,
8214,产品外观小巧，性能稳定，功能齐全强大，适合办公，学生使用，价格特别合适，还有dell的品牌和售后保障,chnsenticorp,,1,,,positive,,
68454,"在广安唯一的一家五星级的酒店,环境还不错,服务员急需培训,基本没有服务意识.早餐中应该多加点中餐的成分,住的时间少 不便再做深层次的评价.",online_shopping_10_cats,酒店,1,,,neutral,,
66465,"硬件不错,商务酒店里面算是有特色的了。服务中等，前台不错，但房间服务一般般。价格比较贵，不过行政间大抵都这样子。位置有点偏不太好找，出租汽车司机有些找不到，说是万象城附近，但要绕进去",online_shopping_10_cats,酒店,1,,,neutral,,
20446,以前想买苹果iPad 没想到华为的平板实惠又实用 屏幕超清2k超薄超轻 玩起来就是爽,online_shopping_10_cats,平板,1,,,positive,,
45828,真心超级无语 从第一次用完开始 到现在不到一周 头上全是头屑 崩溃了 失望 生气,online_shopping_10_cats,洗发水,0,,,negative,,
50953,裤子穿这很舒服 版型也很好 老爸很满意 质量也不错,online_shopping_10_cats,衣服,1,,,positive,,
30730,京东配送很快，上午下单，下午就收到了，苹果非常满意！,online_shopping_10_cats,水果,1,,,positive,,
29683,包装很不错，单果250g左右。挺不错的，也很便宜,online_shopping_10_cats,水果,1,,,positive,,
16660,原厂送膜，原厂送膜，原厂送膜，重要的事情说三遍。使用几天了，谈下感受。外观就不说了，见仁见智。性能个人觉得还是比较够用的，王者荣耀之类的，30帧打完全局，平常运行没有卡顿的情况。摄像头一般般，不过作为平板对它要求也没多高。没有闪光灯，没有闪光灯，没有闪光灯!这多多少少是个遗憾。本人买得到屏幕有一个黑点，从以往换机经验而言，平静接受不完美，不折腾了。还有一个问题就是安卓系统的软件对平板基本没有优化，说白了软件仅仅是把平板当作大一点的手机而已，这个是事实，但是好像和华为无关。仅从这里而言，还是买iPad吧。总体而言，个人感觉还好。,online_shopping_10_cats,平板,1,,,neutral,,
10201,我很喜欢这本书的封面设计，看上去就有一种西藏文化的神秘感与沧桑感。内容看上去有些晦涩，全书都有关于性爱的描写，不同的人、不同的时间、不同的地点都有，啥子事从这种经历开始聪明的转变，看一遍可能无法理解作者究竟要说些什么，我还是对一些内容不是很了解，可能与对西藏文化的不了解有关系。书中还间接的有些西藏与中原关系的历史，也许就是这种历史关系，才导致今天达赖与政府关系的对立把！总之复杂！,chnsenticorp,,1,,,positive,,
54511,裤子收到了，面料不错，手感好，老公喜欢!,online_shopping_10_cats,衣服,1,,,positive,,
30218,非常满意非常满意非常完美非常好。大爱无疆好好好好吃呀,online_shopping_10_cats,水果,1,,,positive,,
71816,去前作了功课，普遍说九江、庐山的酒店要比一般城市的低一个档次，所以也有了心理准备，所以5日晚入住时感觉还凑合，重要的是免费宽带上网给了小朋友一个惊喜，因此成了继续入住的最大理由（去酒店路上就觉得太偏准备第二天换地方的）。没有电梯，大堂楼梯第一级台阶口就是一个洗手间，门敞开着能见到里面的设施，略有点气味，奇怪的设置！上了三楼客房，更奇怪了：过道一边是客房，另一边是员工房，还有公用厕所，走廊较窄且由于公厕很小直接向过道开门，能直接感受员工厕所的味道。酒店位置相当偏僻，以为会很安静，谁知隔音太差，窗外大门口的声音听得很清楚可以听见几个员工在聊天，还有门口有条小溪谷的流水声音。房间较旧，特别是洗手间感觉有点脏（也许是从走廊飘过来的厕所味道？）浴缸墙上贴着“谷工里骨青垫子方骨垫”的字样，纳闷，后来琢磨出来了原来是这样的“浴缸里滑请垫好防滑垫”，哈哈...第二天一早厕所堵了打电话过了大半小时才来人!幸好我们是休闲游，没时间限制不着急。后来又发生了一件事才使我们对此酒店彻底失望：等了半天厕所通了，梳洗完毕，终于要出去逛了决定先上牯岭街走走在上一线的部分点看看，由于太偏没有车打电话给总台叫了一台车15元到街上，受了司机忽悠（怪自己立场不坚！）匆忙决定包车150元游一线，中间有些景点给漏掉了（因当天玩得过程中景点地图丢了，后来才发现的），最后说好在庐林湖大桥等我们，结果我们上了庐林大桥半个小时也没等到车，只好自己打车回了宾馆，后面的美庐、会址都没去。实际用车为三次： 1.酒店-花径；2. 仙人洞-街上（午餐）；3. 街上-电站大坝。后来司机来宾馆大吵大闹也就罢了，毕竟我们之间有争议，可恶的是前台小姐和司机一个腔调，不知他们把顾客当成什么了！后来联系了庐山宾馆住，小标间的价格差不多，除了没有宽带上网，其他都比消夏好的多。庐宾的大标间有上网的但价格也贵一些。,online_shopping_10_cats,酒店,0,,,neutral,,
42134,东西还行吧，反正不好不坏，头发是能洗干净，但是感觉效果不太好。,online_shopping_10_cats,洗发水,1,,,neutral,,
59096,还凑合吧，也就那样吧,online_shopping_10_cats,衣服,0,,,neutral,,
34718,太垃圾啦，实物和图片差距太大，失误的一次购物,online_shopping_10_cats,水果,0,,,negative,,
1876,"首先是对快递不满意,本来货到了应该给我送来的,可快递员请假休息说第二天送,我等不及自提!开箱打开笔记本看到键盘帽都跳了出来,肯定是摔引起的,不过机器没毛病.京东为什么把华硕应该送的笔记本包给贪污了呀.",chnsenticorp,,0,,,negative,,
28578,大小还不错，而且挺脆的，就是太甜了点,online_shopping_10_cats,水果,1,,,positive,,
67417,每次来都住这里，交通很方便，房间也宽敞。向大家推荐海景的房间，能看到深港跨海大桥和对面的香港景色。门口有漂亮MM迎宾，让人感觉眼前一亮，而且可以直接在酒店大堂办理值机，挺方便。我这次来不小心把手提电脑忘在了机场的推车上，幸亏酒店经理（一位会讲流利国语的老外）帮我及时联系机场失物招领处找了回来，真是很感谢。记得上次带国外的几个客户上到顶层法式餐厅用餐，那种情调和景致应该算PERFECT了，一边是深圳湾和西部通道，一边是中心区和迷人夜景，看得出外宾还是很ENJOY的，晚上有乐队表演，聊到很晚都不觉得。三楼的潮江春餐厅也很不错，菜做得很好吃，就是价格有点偏贵。我自己来还是会到二楼吃上海菜。强烈推荐，下次来还住这儿。,online_shopping_10_cats,酒店,1,,,positive,,
56662,这做工100%小工坊出品,online_shopping_10_cats,衣服,0,,,negative,,
847,房间还可以，楼下有食街，服务态度很好！ 不过网络不太好，总是断线；早餐一般般。,chnsenticorp,,1,,,positive,,
35273,这苹果没街上卖的脆，问过客服你这苹果有打腊吗？她说不会有打腊的，我才下单，各位买家看看，我第一时间是关心这个腊，化学品一舔一大堆！！只想吃的健康，你这样用大话骗顾客，做生意要讲诚信，包装确实很好，苹果够大，但是吃有点松松的，不脆，在水果店买的还脆些，,online_shopping_10_cats,水果,0,,,negative,,
2492,非常漂亮，超值之选，intel的固态硬盘果然不是盖的，实测非常满意！,chnsenticorp,,1,,,positive,,
42945,没有以前的好用，好像是假的。,online_shopping_10_cats,洗发水,0,,,negative,,
56011,衣服太差了最多也*,online_shopping_10_cats,衣服,0,,,negative,,
38004,"一用清扬,没有头皮屑。非常不错。",online_shopping_10_cats,洗发水,1,,,positive,,
46934,感觉有点儿稀，和在实体店买的有些差别,online_shopping_10_cats,洗发水,0,,,negative,,
48449,蒙牛牌子蓝瓶的很好喝,online_shopping_10_cats,蒙牛,1,,,positive,,
57498,看到***的了之后瞬间感觉被骗了，同款一半的价格就是一半，大家去别地买吧,online_shopping_10_cats,衣服,0,,,negative,,
18340,上午九点下单，下午六点收货，速度太快了。宝贝功能强大，屏幕大小正合适。非常喜欢！,online_shopping_10_cats,平板,1,,,positive,,
7083,这款笔记本麦克风可以和飞利浦（Philips）电脑麦克风SHM1000匹配？,chnsenticorp,,1,,,neutral,,
53754,质量不错，做工也挺细致，很满意,online_shopping_10_cats,衣服,1,,,positive,,
26628,1、外观基本上还算美观，手感也还不错，而且是双屏，外屏有三色显示灯，不用打开就可以看清来电号码。2、虽然不是彩屏，而是单色屏幕，但内屏面积很大，分辨率也还过得去，普通的照片显示质量也还能接受。3、电话簿容量比较大，可以存储200个姓名，而且每个姓名可以存储3个电话号码和2个电子邮件地址，这点很实用。短信的收件箱和送件箱容量也还可以。4、它的拒接电话功能很实用，既可以预先设置自动拒接，也可以手动拒接，来电方听到的是电话忙或线路故障之类的提示音，使我既可以不接不想接的电话，而又不伤害来电方，确实挺实用的。5、具有上网功能。其MiMi上网、下载图片铃声等功能都还挺好用的，而且可以随时收发电子邮件；对我而言，更重要的是它的WiWi上网功能，因为我时常在远郊区县出差，有了该功能就可以随时利用笔记本电脑上网，使用起来也很简单，只要用另外购买的小灵猫把笔记本电脑和UT618+连接起来就可以了，至于实际的上网速度，自己感觉比GPRS上网速度还要快些，当然，最大的好处的费用要比GPRS低。6、虽然只是4和弦铃声，但效果还过得去，我下载的仙剑、魂斗罗等铃声效果都还不错，而且由于有电子邮件收发功能，还可以自己制作图片铃声发到邮箱里，再下载到该机里使用。7、在小灵通里性价比还算高。该机在小灵通中属于中高端机型，比它价格高的UT718+等产品除了彩屏和外加摄像头功能外并没有什么实质上的新功能，选择小灵通本来就是把它作为廉价的移动通信和无线上网工具，那些华而不实的功能对我没有什么吸引力，况且自己的GPRS手机就具有那些功能；而比它价格低的机型则功能太简单，特别是没有电脑无线上网的功能。8、待机时间还不错。我的机子使用了一年多，现在如果只是正常通话不使用上网功能，一般都还能待机一星期左右。9、售后服务也还不错，我的机壳摔花过一次，UT斯达康售后服务中心就为我免费更换过。,online_shopping_10_cats,手机,1,,,positive,,
5626,网上订了一间198的迷你温馨双床房，打开四楼第一间房，突入其来一股扑鼻的烟味，房间够迷你但是不温馨，致电服务台要求换房，让我们去五楼等服务员回来开门，等了20分钟没人来开，只好自己去总台拿钥匙。第二间还好没有烟味，但是房间旧旧的，还不如一般的三星宾馆。住了一晚上，电视是要扭着头看的，因为实在太小了，正面放不了桌子。结帐时居然说我们用了他们的抗菌毛巾和剃须刀，毛巾袋被撕开但是正面看是完好的，幸好我们住的是两位女性，用剃须刀干吗？折腾了一个多小时，从服务员到大夫，解释了半天我们没有碰过，终于免单。浪费我们不少时间，不知道这家酒店平时怎么管理和交班的。除了总台态度还不错以外，我再也不会住这么糟糕的地方了。电话预定时告诉我离春熙路10分钟走路，其实有足足两站路，坐公交车10分钟还差不多。,chnsenticorp,,0,,,negative,,
26391,1、外观大方，整体做工不错；2、待机时间超长；3、百万像素的拍照功能，效果还不错，64和弦铃声的表现令人满意；4、配合红外线和数据线使用，和PC数据交换非常方便。,online_shopping_10_cats,手机,1,,,positive,,
23529,最恶心的一次购物,online_shopping_10_cats,平板,0,,,negative,,
31317,一般般，有大有小，纹理不太好看，但一个烂的也没有，与价值相配吧。,online_shopping_10_cats,水果,1,,,neutral,,
66362,对的起价格。还有就是安静。就是大床竟然是二张小床拼的。让人郁闷。就是看他安静。所以我每次来还是住这了。,online_shopping_10_cats,酒店,1,,,positive,,
23807,什么客服，太差太差，问个问题半天不回答，垃圾,online_shopping_10_cats,平板,0,,,negative,,
69781,"我把该酒店的一些设施用相机照了下来,作为附件不知怎么发给你。（我现在不记得是住317还是319，起先住的房间没有宽带，在我的要求下才换的）我住进该酒店以后就发现我进错了,这跟那些农民的家庭旅馆没多大差别,一个电视机是那种吊在墙上的，想看电视在床上得长期扬着个头；房间很小，一个小得不能再小的有些象小孩的写字桌，与床的间隔估计顶多只有20cm，只能坐在床上才能在这写字桌上工作，有些地方墙壁已经开始掉漆了，有点象那种年久失修的样子，住进这样的酒店，有一种英雄落难的悲凉；卫生间的味道很重；如果需要，我可以把那个我入住的旅馆（我只能称之为旅馆）的照片发给你们，让你们自己去评说。刘够生2008-4-12",online_shopping_10_cats,酒店,0,,,negative,,
28252,物流给力，下雨天风雨无阻，京东购物，很快很准，准时到达，苹果很脆，包装完整，嗯，价钱合适。直接上图。,online_shopping_10_cats,水果,1,,,positive,,
26301,清晰度高，具有来电视频功能,online_shopping_10_cats,手机,1,,,positive,,
6377,住的是大床房，和先前筒子们介绍的情况差不多，会免费升级一下房间，有两瓶免费的可乐送。对该酒店服务总体评价也就中规中矩四个字吧，不过，的确评到五星是有点过头了。四星差不多了。当然，性价比而言，还算可以，毕竟花的不是标准五星的价。 对该店算是有意见的话，那就是实在老了点，虽然看得出花过点功夫重新装修，但偶还是不够喜欢。另外，早餐也算基本满意吧，品种数量还可以，味道so so 啦。 软件方面还可以，要地图有免费地图送上门，草鞋托也算有点小意思，基本功还算到位。,chnsenticorp,,1,,,positive,,
50174,去他妈的，谁再买蒙牛伊利谁是傻逼,online_shopping_10_cats,蒙牛,0,,,negative,,
47755,根本没有货说有货，等了六天才发货，如果不是因为次日达也不会买你的，结果比任何一家电商都慢。咨询客服，客服的回应更气人，第一次告诉我有货，会马上发货，两天后再次咨询告诉我是预售，我问哪里显示是预售，只会让你等，无语了，这客服的态度还不如没有呢。,online_shopping_10_cats,洗发水,0,,,negative,,
65839,环境：酒店环境尚可，周边环境一般，要到大宁国际那边才有不错的商店和饭店。和携程上说的一样，部分楼层在装修，所以下午5点前可能无法休息，好在我白天都不在，受到的影响不大。服务：服务一般，没有四星的水准。在前台都是我提问，也没有获得应有的招呼，进酒店的时候服务生也没有帮忙开门以及拉一下行李。房间：预订的是大床房，但是床只是普通的5尺床，不过好在也够了。房间布局很雅致，热水、空调，房间隔音都很好。这也是我满意的地方。其他：早餐还可以，二楼有个泰国鱼翅馆，看看价格还比较公道，不过没有吃。房间里有宽带，但是路由器上没有电源。也就没有问前台要了。总之，比较中规中矩。周围也没有更好的酒店了(大宁国际的福朋除外)。500-/日，还是可以接受的,online_shopping_10_cats,酒店,1,,,neutral,,
46813,假的，太恶心，海飞丝的味道！官网都是假！垃圾，再也不到京东买了,online_shopping_10_cats,洗发水,0,,,negative,,
17547,用起来还可以，运行速度不快不慢，照相一般，颜值过得去。,online_shopping_10_cats,平板,1,,,positive,,
66441,房间很清洁，洗手间装修好。早餐非常丰盛，豆腐脑很好吃！交通很方便。隔音不够好，我们的邻居夜里1点多电视声音开的很大，投诉后酒店服务人员去与隔壁邻居协商解决了。,online_shopping_10_cats,酒店,1,,,positive,,
16925,挺好的 不过我更想买平板米3 可惜没买到,online_shopping_10_cats,平板,1,,,positive,,
58401,我买的宝蓝的，你给我发个蓝黑的裤子，还不相信人，非得让拍照片，发消息也不回了，什么意思？,online_shopping_10_cats,衣服,0,,,negative,,
39800,老公喜欢这个牌子 一直都在用 京东快递太给力 喜欢在京东购买 两大瓶加两小瓶很实用 大瓶在家用 小瓶出去旅行用 给赞 多些活动,online_shopping_10_cats,洗发水,1,,,positive,,
48370,卖家晚了一天给发的货、这次顺丰比上次快、都来买第二个都不说给点优惠。,online_shopping_10_cats,热水器,0,,,positive,,
67228,"我们从6月21日到6月25日在亚太(二期)一共住了四个晚上,原本想在这个酒店住两天,再到亚龙湾住两天,但我老公觉得这样太累了,所以就没有定其他酒店,现在想想觉得有些后悔.首先,亚太国际会议中心的服务的确不错,差不多每天见到的服务员都能主动与客人打招呼,而且非常亲切(但除了三期中餐厅的收银员,态度较冷淡);宾馆大堂还是比较漂亮的,游泳池也很美,由于我事先再三要求住在五楼,而且一定要100%海景房,所以携程这点也尽量做到了(在此表示感谢),房间比较陈旧,连我不讲究的老公都觉得不太符合五星级的标准,但是厕所是兰色的主题,很干净,很大,我和我儿子都很喜欢.早上起床,我迫不及待地打开厚厚的窗帘,给我的第一感觉就是:美极了!棒极了!这家酒店的早饭一般般,由于我们连住了四天,每天吃的都差不多,品种看上去蛮多的,但味道实在不敢恭维,而且最要命的是除了房间,前台(有一个立式空调)以外,酒店的任何地方都没有空调(连吊扇也没有),我们早上每天都吃得大汗淋淋,热得实在是吃不消.但餐厅环境还是不错的.我们去了一次三期吃饭,感觉环境比二期要好,而且餐厅有中央空调(但那里似乎服务员都不怕热,即使有空调也不开).总的来讲:服务不错,环境不错,离大海沙滩很近,三亚是个很美的地方,我和儿子走的时候都有些依依不舍,但是由于三亚本身是个很热的地方,这个酒店没有空调,太热了,所以下次去的话除非冬季去会住在那里,其余季节不会再住这个酒店了(真是觉得很可惜)",online_shopping_10_cats,酒店,1,,,negative,,
45957,用了以后头皮痒，不知道什么原因,online_shopping_10_cats,洗发水,0,,,negative,,
27960,排线很容易坏，我买了不到2个月就出问题了,online_shopping_10_cats,手机,0,,,negative,,
2505,1G内存用Vista太低了，感觉散热方面还需提高，上次用时硬盘温度升得很快。,chnsenticorp,,0,,,negative,,
41060,各方面都挺好的，一直在用这个牌子，用起来也非常好。,online_shopping_10_cats,洗发水,1,,,positive,,
29116,就是个子有点小，味道还不错，很脆，,online_shopping_10_cats,水果,1,,,positive,,
52401,裤子质量不错，很柔软。不退色。穿着很舒服，样式也很好看，总之就是不错不错。大爱大爱。,online_shopping_10_cats,衣服,1,,,positive,,
36620,很少，根本不是富士苹果，建议大家不要购买,online_shopping_10_cats,水果,0,,,negative,,
3112,服务还可以，硬件条件一般般，十分的吵，想睡个好觉的千万别住；火车站早已经搬家，坐火车也不方便，倒是晚上饿了吃东西很方便。呵呵，我只住了一晚就跑了。。。,chnsenticorp,,0,,,negative,,
43295,快递送过来，已经漏了小半瓶了,online_shopping_10_cats,洗发水,0,,,negative,,
31632,苹果很脆，吃起来甜 京东物流就不用说了，速度快，送快递的现在也熟悉了，直接放我家电表箱,online_shopping_10_cats,水果,1,,,positive,,
47027,感觉东西是假的，用完头皮屑具多，起静电 头发一点也不顺，找京东也不给退，劝大家三思而后行。对这个商品失望透了。,online_shopping_10_cats,洗发水,0,,,negative,,
28723,这次五一抢购买的，性价比很高，口感不错，吃起来很甜，物流点赞，不错不错不错,online_shopping_10_cats,水果,1,,,positive,,
73885,服务特别差,online_shopping_10_cats,酒店,0,,,negative,,
58900,没收到货 就给我确认、沟通也不理人。班尼路坑的狠,online_shopping_10_cats,衣服,0,,,negative,,
9228,"我们从6月21日到6月25日在亚太(二期)一共住了四个晚上,原本想在这个酒店住两天,再到亚龙湾住两天,但我老公觉得这样太累了,所以就没有定其他酒店,现在想想觉得有些后悔.首先,亚太国际会议中心的服务的确不错,差不多每天见到的服务员都能主动与客人打招呼,而且非常亲切(但除了三期中餐厅的收银员,态度较冷淡);宾馆大堂还是比较漂亮的,游泳池也很美,由于我事先再三要求住在五楼,而且一定要100%海景房,所以携程这点也尽量做到了(在此表示感谢),房间比较陈旧,连我不讲究的老公都觉得不太符合五星级的标准,但是厕所是兰色的主题,很干净,很大,我和我儿子都很喜欢.早上起床,我迫不及待地打开厚厚的窗帘,给我的第一感觉就是:美极了!棒极了! 这家酒店的早饭一般般,由于我们连住了四天,每天吃的都差不多,品种看上去蛮多的,但味道实在不敢恭维,而且最要命的是除了房间,前台(有一个立式空调)以外,酒店的任何地方都没有空调(连吊扇也没有),我们早上每天都吃得大汗淋淋,热得实在是吃不消.但餐厅环境还是不错的.我们去了一次三期吃饭,感觉环境比二期要好,而且餐厅有中央空调(但那里似乎服务员都不怕热,即使有空调也不开). 总的来讲:服务不错,环境不错,离大海沙滩很近,三亚是个很美的地方,我和儿子走的时候都有些依依不舍,但是由于三亚本身是个很热的地方,这个酒店没有空调,太热了,所以下次去的话除非冬季去会住在那里,其余季节不会再住这个酒店了(真是觉得很可惜)",chnsenticorp,,1,,,negative,,
57118,和图片相差甚远。。。质量差 差差差,online_shopping_10_cats,衣服,0,,,negative,,
14921,如果你在小学学过英语，那么这本书对你毫无用处,online_shopping_10_cats,书籍,0,,,negative,,
65256,"周末刚从阳朔回来,住了三天,感觉性价比还可以.地理位置不错,西街和新西街交界口,吃饭逛街都很方便;服务也很好,前台和客房都彬彬有礼的,房间也算干净;中式早餐还凑合.美中不足是房间不大,设施和床具毛巾等都旧了一些,空调开久了房间还有点不太好的味道.总体来说比较满意,我和老公一致认为可以给四分.",online_shopping_10_cats,酒店,1,,,positive,,
27478,10月1号在朋友那买来的800元2电2充。差不多一个月啦.看到此机没啥人气.也来说二句：1.MP3 声音大小还可以.没破音.内置60M的内存.放7-8来首流行好听的歌 .再来7-8首高潮版的铃声 28M差不多啦..当然加个512M的也才160大洋.2.MP4 播放效果过得去的.可按*号键可全屏播放 存放5-6部好看的短片20M去掉啦3.拍照.摄相200W在这机上表现不出来.在电脑上还过得去.我看偶尔玩下还可以.想多清晰没门.屏不乍的拍了看起来也不乍爽.4.电子书只支持TXT的.可下载点免费的存个10-20部在车上度下时光还可以.5.图片放些QQ上下载的搞笑的存个50-60差不多啦。 6.此机居然还拿过国际大奖..本人只认为后面设计还可以.前面就不乍的咯.按键容易掉漆.有个朋友用了三个月就有三个键《左上键 *键 #键》 要很用力按才行.我打算提前出手算啦7.电池盖开始用有点紧.后来居然有点松.只有在电池上放点薄海棉这样后盖才扣得紧..我狂晕...8.发信息按#键可以转换输入法.过得去 但还是没诺记的快9.方向键右快捷键啥东东 康佳乐园 就是要钱 我想大多数人都不喜欢这点国产机夏新A665等机做得比较人性化 不喜欢可以取消夏新乐园10.蓝YA 红外一个都没有.相信对多数人也没啥用.有TF卡也够啦.,online_shopping_10_cats,手机,0,,,positive,,
58294,这衣服不能买，这衣穿这不透气，里面的衣服全叫汗水弄的湿湿的，这种感觉太难受了，,online_shopping_10_cats,衣服,0,,,negative,,
45215,有人反映过PLUS会员的返利问题吗？为何最高返利0.1%？大部分订单无返利！！！！求说法！！！！,online_shopping_10_cats,洗发水,0,,,neutral,,
64776,住的是大床房，和先前筒子们介绍的情况差不多，会免费升级一下房间，有两瓶免费的可乐送。对该酒店服务总体评价也就中规中矩四个字吧，不过，的确评到五星是有点过头了。四星差不多了。当然，性价比而言，还算可以，毕竟花的不是标准五星的价。对该店算是有意见的话，那就是实在老了点，虽然看得出花过点功夫重新装修，但偶还是不够喜欢。另外，早餐也算基本满意吧，品种数量还可以，味道so so 啦。软件方面还可以，要地图有免费地图送上门，草鞋托也算有点小意思，基本功还算到位。,online_shopping_10_cats,酒店,1,,,positive,,
5693,这个酒店很一般！甚至说不好！就有一点离“红门”很近，徒步爬泰山比较方便，但做车上泰山不方便，服务有好有坏，第一天凌晨到宾馆寄存东西，我跑了三趟拿东西，打搅服务员三次睡觉，但并没有不悦的表情，感觉很好！但晚上住在宾馆我提出用一下公用电脑到些照片，另外一个服务员，用话搪塞我！有点不高兴！其他宾馆都有公用电脑满足来宾的上网或倒照片的需要，他们却搪塞！很失望！还有宾馆的被子感觉不是很干净，还摆了些乱七八糟的东西（都是收费的），还有避孕套和男女洗液，很是搞笑！（当然这些都收费）！害的我牙刷都没敢用他们的，不是怕付钱而是怕脏！o(∩_∩)o...不过话说回来携程在泰安找的宾馆都不怎么样！,chnsenticorp,,0,,,positive,,
26596,1.整机显得清爽简洁。2.柔软的键盘手感不错。3.显示效果相当不俗。4.价位厚道。,online_shopping_10_cats,手机,1,,,positive,,
65672,订的是豪华大床房，到那里后豪华房已经没有了，免费升级到行政大床房。过程中服务的态度还好，就是手续有点繁复，行政房需要到22层check in除了行政房上网free，其他房间上网需要40元/小时 80元/一天，免费升级到行政房上网也需要付费。之前住过豪华双人房，感觉和行政大床房没有太大差别，房间大小和装修差不多。这家宾馆最舒服的一点就是浴室比一般宾馆大。总体来说，住过这家宾馆两次，装修和房间大小包括浴室在内，在上海四星级宾馆里来说还算不错的。,online_shopping_10_cats,酒店,1,,,positive,,
1687,这几乎是江阴最好的酒店了，有很多老外都住在这里。房间的大小还可以，装饰和设施感觉没有五星的标准，算四星还差不多。最让人受不了的是这家的停车场，我是在一个普通的日子去的，结果还是碰上有人在宾馆结婚。地下地上都停满了赴婚宴人的车，结果我们住店的人要把车停在马路对面的很远的地方。那天还下着中雨，我车上有一个法国人、一个菲律宾人和两个中国人不得不提着行李冒着雨躲过一个又一个的水坑去宾馆大厅。门口的保安好像对这种情况已经见怪不怪了，看着我们四个人在于里跳来跳去面无表情。真是烂透了。,chnsenticorp,,0,,,neutral,,
25498,垃圾的平板电脑，正在看视频两分钟就黑屏了！系统有很严重的问题阿！,online_shopping_10_cats,平板,0,,,negative,,
52437,不错，款式好看，穿起来帅帅的。就是稍微薄了点，希望改进。上京东就购了，多快好省,online_shopping_10_cats,衣服,1,,,positive,,
22404,问题多多，屏幕刷新率不好导致重影严重，看网页，贴吧晃眼睛，明显看着不舒服，划屏都有点卡，充电插口做工有问题，插口坡度设计问题致使不能正常插拔，要小心翼翼的充电，贴吧已经有插拔损坏的反反映，系统分屏目前还是探索，并没有用心做分屏，华为这么大的公司，人才济济既然还有这么低级错误，实在不应该，音质洪亮饱满，这个好评，摄像头一般般，不好不坏，微信登录始终有问题，也只能看个电影了,online_shopping_10_cats,平板,0,,,negative,,
53100,衣服不错 很满意质量挺好的 很满意料子摸着挺舒服的,online_shopping_10_cats,衣服,1,,,positive,,
66092,"优点:1.地理位置非常好,哈尔滨有代表性的景点都是徒步就到,省去和的士司机打交道的烦恼(哈尔滨的士司机真的是不怎么样).2.房间还可以,明亮,宽敞,我住的是江景房3.维修服务来得很及时.我们房间的淋浴房们坏了,不到十分钟就来人修了.4.虽然就在繁华的中央大街上,可是酒店内却很安静缺点:1.前台服务一般,速度较慢2.客房服务每天都会来敲至少2次门,打扰午休.按了请勿打扰的门灯,才没有再来敲.但是敲别人的房门时,声音仍然听得很清楚.3.早餐没什么可吃的4.门口有专门停车等待的出租,但总是觉得比自己打到的车要贵一些.而且这些出租都不太愿意去火车站(正常大约8,9块钱,可是我们坐门童叫来的出租要了我们13块)5.房间地毯不是很干净,还有烟头烫的痕迹",online_shopping_10_cats,酒店,1,,,neutral,,
26518,"总体感觉不错,这个价格的功能还说得过去.",online_shopping_10_cats,手机,1,,,positive,,
41959,不知道好不好 感觉上做活动是应该是挺便宜,online_shopping_10_cats,洗发水,1,,,neutral,,
20745,用了一个月机子就很卡，真心垃圾,online_shopping_10_cats,平板,0,,,negative,,
15436,刚看了个开头，文字精致，但有点涩,online_shopping_10_cats,书籍,0,,,neutral,,
32079,苹果还不错，放了一个月了，还是挺新鲜的,online_shopping_10_cats,水果,1,,,positive,,
46632,没有按时送到，差评。,online_shopping_10_cats,洗发水,0,,,negative,,
69024,房间还可以，楼下有食街，服务态度很好！不过网络不太好，总是断线；早餐一般般。,online_shopping_10_cats,酒店,1,,,positive,,
57572,尺码严重不符，我买的还是最小号，居然还又粗又长，布料也不好，直接当抹布了,online_shopping_10_cats,衣服,0,,,negative,,
49533,强烈要求蒙牛伊利三鹿执莅哎！ 。是这个理。 来自:http:t.cn/zYTaJ4D,online_shopping_10_cats,蒙牛,0,,,negative,,
35439,苹果难看不说了，酸的直接吃不成。,online_shopping_10_cats,水果,0,,,negative,,
32775,来自大西北的苹果，味道很正宗，特甜，吃到了家乡的味道，好评！！！,online_shopping_10_cats,水果,1,,,positive,,
49744,太坑爹了，我说呢，怎么喝了两口就没了，原来里面大有文章啊，怎么能这么欺骗消费者，我只能说：蒙牛，你太不厚道了,online_shopping_10_cats,蒙牛,0,,,negative,,
